{
    "counter": {
        "ACTIVE": 17895,
        "INACTIVE": 3104,
        "INVALID": 1,
        "MALICIOUS": 0,
        "SANE": 0,
        "VALID": 0,
        "total": 21000
    },
    "percentage": {
        "ACTIVE": 85.21428571428571,
        "INACTIVE": 14.784472493450822,
        "INVALID": 0.004862394242925216,
        "MALICIOUS": 0,
        "SANE": 0,
        "VALID": 0,
        "total": 100.00362060197945
    }
}