{
    "counter": {
        "ACTIVE": 15719,
        "INACTIVE": 5281,
        "INVALID": 0,
        "MALICIOUS": 0,
        "SANE": 0,
        "VALID": 0,
        "total": 21000
    },
    "percentage": {
        "ACTIVE": 74.85238095238095,
        "INACTIVE": 25.154806135086215,
        "INVALID": 0,
        "MALICIOUS": 0,
        "SANE": 0,
        "VALID": 0,
        "total": 100.00718708746717
    }
}