{
    "counter": {
        "ACTIVE": 12447,
        "INACTIVE": 8549,
        "INVALID": 4,
        "MALICIOUS": 0,
        "SANE": 0,
        "VALID": 0,
        "total": 21000
    },
    "percentage": {
        "ACTIVE": 59.27142857142857,
        "INACTIVE": 40.71146245059288,
        "INVALID": 0.024271844660194174,
        "MALICIOUS": 0,
        "SANE": 0,
        "VALID": 0,
        "total": 100.00716286668164
    }
}