{
    "counter": {
        "ACTIVE": 16733,
        "INACTIVE": 4267,
        "INVALID": 0,
        "MALICIOUS": 0,
        "SANE": 0,
        "VALID": 0,
        "total": 21000
    },
    "percentage": {
        "ACTIVE": 79.69613259668509,
        "INACTIVE": 20.31904761904762,
        "INVALID": 0,
        "MALICIOUS": 0,
        "SANE": 0,
        "VALID": 0,
        "total": 100.01518021573271
    }
}