{
    "counter": {
        "ACTIVE": 14047,
        "INACTIVE": 6950,
        "INVALID": 3,
        "MALICIOUS": 0,
        "SANE": 0,
        "VALID": 0,
        "total": 21000
    },
    "percentage": {
        "ACTIVE": 66.89047619047619,
        "INACTIVE": 33.098390322887894,
        "INVALID": 0.03821656050955414,
        "MALICIOUS": 0,
        "SANE": 0,
        "VALID": 0,
        "total": 100.02708307387364
    }
}