{
    "counter": {
        "ACTIVE": 12341,
        "INACTIVE": 8655,
        "INVALID": 4,
        "MALICIOUS": 0,
        "SANE": 0,
        "VALID": 0,
        "total": 21000
    },
    "percentage": {
        "ACTIVE": 58.772264025145255,
        "INACTIVE": 41.214285714285715,
        "INVALID": 0.024271844660194174,
        "MALICIOUS": 0,
        "SANE": 0,
        "VALID": 0,
        "total": 100.01082158409116
    }
}