{
    "counter": {
        "ACTIVE": 12423,
        "INACTIVE": 8573,
        "INVALID": 4,
        "MALICIOUS": 0,
        "SANE": 0,
        "VALID": 0,
        "total": 21000
    },
    "percentage": {
        "ACTIVE": 59.15714285714286,
        "INACTIVE": 40.82575360731463,
        "INVALID": 0.024271844660194174,
        "MALICIOUS": 0,
        "SANE": 0,
        "VALID": 0,
        "total": 100.00716830911769
    }
}